component,encoded_id,category,label,score_Utama,score_Madya,score_Muda,score_Pertama,level_eligibility,doctoral_excluded
PS,ps01,Tenaga Ahli,Menjadi tenaga ahli dalam forum teknis internasional,5,5,5,5,Utama/Madya/Muda/Pertama,
PS,ps02,Tenaga Ahli,Menjadi tenaga ahli dalam forum teknis nasional,2.5,2.5,2.5,2.5,Utama/Madya/Muda/Pertama,
PS,ps03,Perwakilan Negara,"Peran aktif dalam program/kegiatan internasional dan antar Kementerian/Lembaga, Industri",5,5,5,5,Utama/Madya/Muda/Pertama,
PS,ps04,Perwakilan Negara,Menjadi Ketua Delegasi Republik Indonesia,5,5,5,5,Utama/Madya/Muda/Pertama,
PS,ps05,Perwakilan Negara,Menjadi Anggota Delegasi Republik Indonesia,2.5,2.5,2.5,2.5,Utama/Madya/Muda/Pertama,
PS,ps06,Perwakilan Negara,National representative organisasi internasional,25,20,15,10,Utama/Madya/Muda/Pertama,
PS,ps07,Pendanaan Riset,Mendapatkan pendanaan kegiatan riset yang bersumber dari luar negeri,10,10,10,10,Utama/Madya/Muda/Pertama,
PS,ps08,Pendanaan Riset,Mendapatkan pendanaan kegiatan riset yang bersumber dari dalam negeri/eksternal BRIN,5,5,5,5,Utama/Madya/Muda/Pertama,
PS,ps09,Pendanaan Riset,Mendapatkan pendanaan kegiatan riset yang bersumber dari internal BRIN,2.5,2.5,2.5,2.5,Utama/Madya/Muda/Pertama,
PS,ps10,Tugas,Menjadi ketua/wakil ketua/sekretaris satuan tugas di tingkat internasional,10,10,10,10,Utama/Madya/Muda/Pertama,
PS,ps11,Tugas,Menjadi anggota satuan tugas di tingkat internasional,5,5,5,5,Utama/Madya/Muda/Pertama,
PS,ps12,Tugas,Menjadi ketua/wakil ketua/sekretaris satuan tugas di tingkat nasional,7.5,7.5,7.5,7.5,Utama/Madya/Muda/Pertama,
PS,ps13,Tugas,Menjadi anggota satuan tugas di tingkat nasional,5,5,5,5,Utama/Madya/Muda/Pertama,
PS,ps14,Tugas,"Menjadi koordinator/ketua /wakil ketua/sekretaris satuan tugas pada tingkat Lembaga/Organisasi Riset/Pusat Riset (termasuk tim manajemen risiko, reformasi birokrasi, kerja sama, penyusun modul atau tugas khusus di Pusat Riset)",5,5,5,5,Utama/Madya/Muda/Pertama,
PS,ps15,Tugas,"Menjadi anggota satuan tugas pada tingkat Lembaga/Organisasi Riset/Pusat riset (termasuk tim manajemen resiko, reformasi birokrasi, kerja sama, penyusun modul atau tugas khusus di Pusat Riset)",3,3,3,3,Utama/Madya/Muda/Pertama,
PS,ps16,Kepanitiaan Menjadi,ketua/wakil ketua/sekretaris penyelelenggaraan kegiatan internasional,5,5,5,5,Utama/Madya/Muda/Pertama,
PS,ps17,Kepanitiaan Menjadi anggota,penyelelenggaraan kegiatan internasional,3,3,3,3,Utama/Madya/Muda/Pertama,
PS,ps18,Kepanitiaan Menjadi,ketua/wakil ketua/sekretaris penyelelenggaraan kegiatan nasional,3,3,3,3,Utama/Madya/Muda/Pertama,
PS,ps19,Kepanitiaan Menjadi anggota,penyelenggaraan kegiatan pada tingkat nasional,1.5,1.5,1.5,1.5,Utama/Madya/Muda/Pertama,
PS,ps20,Kepanitiaan Menjadi,ketua/wakil ketua/sekretaris panitia penyelelenggaraan kegiatan internal BRIN,1.5,1.5,1.5,1.5,Utama/Madya/Muda/Pertama,
PS,ps21,Kepanitiaan Menjadi anggota,panitia penyelenggaraan kegiatan internal BRIN,1,1,1,1,Utama/Madya/Muda/Pertama,
PS,ps22,Saksi Ahli,Menjadi saksi ahli berdasarkan hasil riset yang dilakukan,5,5,5,5,Utama/Madya/Muda/Pertama,
PS,ps23,Tim Kegiatan Riset,Menjadi ketua kegiatan Riset yang melibatkan pihak eksternal instansi,15,15,15,15,Utama/Madya/Muda/Pertama,
PS,ps24,Tim Kegiatan Riset,Menjadi anggota kegiatan Riset yang melibatkan pihak eksternal instansi,7.5,7.5,7.5,7.5,Utama/Madya/Muda/Pertama,
PS,ps25,Tim Kegiatan Riset,Menjadi ketua/ leader kegiatan/kelompok riset pada internal instansi,10,10,10,10,Utama/Madya/Muda/Pertama,
PS,ps26,Tim Kegiatan Riset,Menjadi anggota kegiatan riset pada internal instansi,5,5,5,5,Utama/Madya/Muda/Pertama,
PS,ps27,Tim Reviewer,Sebagai juri lomba karya ilmiah internasional,7.5,7.5,7.5,7.5,Utama/Madya/Muda/Pertama,
PS,ps28,Tim Reviewer,Sebagai juri lomba karya ilmiah nasional,5,5,5,5,Utama/Madya/Muda/Pertama,
PS,ps29,Tim Reviewer,Peer review untuk naskah jurnal ilmiah terindeks global bereputasi tinggi,5,5,5,5,Utama/Madya/Muda/Pertama,
PS,ps30,Tim Reviewer,Peer review untuk naskah jurnal ilmiah terindeks global bereputasi menengah,4,4,4,4,Utama/Madya/Muda/Pertama,
PS,ps31,Tim Reviewer,Peer review untuk naskah jurnal ilmiah/buku terindeks global bereputasi,3,3,3,3,Utama/Madya/Muda/Pertama,
PS,ps32,Tim Reviewer,Peer review untuk naskah jurnal ilmiah terindeks global lainnya,2,2,2,2,Utama/Madya/Muda/Pertama,
PS,ps33,Tim Reviewer,Peer review untuk naskah jurnal ilmiah nasional,2,2,2,2,Utama/Madya/Muda/Pertama,
PS,ps34,Tim Reviewer,Peer review untuk prosiding internasional,2,2,2,2,Utama/Madya/Muda/Pertama,
PS,ps35,Tim Reviewer,Peer review untuk prosiding nasional,1,1,1,1,Utama/Madya/Muda/Pertama,
PS,ps36,Tim Reviewer,Dewan Redaksi ( Editorial Board ) pada publikasi internasional,5,5,5,5,Utama/Madya/Muda/Pertama,
PS,ps37,Tim Reviewer,Dewan Redaksi ( Editorial Board ) pada publikasi nasional,3,3,3,3,Utama/Madya/Muda/Pertama,
PS,ps38,Tim Reviewer,Menjadi Ketua Komisi Etik,25,20,,,Utama/Madya,
PS,ps39,Tim Reviewer,Menjadi Sekretaris Komisi Etik,20,15,10,7.5,Utama/Madya/Muda/Pertama,
PS,ps40,Tim Reviewer,Menjadi Anggota Komisi Etik,12.5,10,7.5,5,Utama/Madya/Muda/Pertama,
PS,ps41,Tim Reviewer,Menjadi Ketua Majelis Asesor Jabatan Fungsional Bidang dan Teknologi,25,,,,Utama,
PS,ps42,Tim Reviewer,Menjadi Anggota Majelis Asesor Jabatan Fungsional Bidang dan Teknologi,12.5,,,,Utama,
PS,ps43,Tim Reviewer,Menjadi Ketua Majelis Profesor Riset,25,,,,Utama,
PS,ps44,Tim Reviewer,Menjadi Sekretaris Majelis Profesor Riset,20,,,,Utama,
PS,ps45,Tim Reviewer,Menjadi Anggota Tim Penelaah Naskah Orasi,5,,,,Utama,
PS,ps46,Tim Reviewer,Menjadi Anggota Tim Penilai/ Tim Asesor dari Uji Kompetensi Jabatan Fungsional atau Sertifikasi SKKNI,2,2,2,2,Utama/Madya/Muda/Pertama,
PS,ps47,Tim Reviewer,Menjadi Anggota Tim Reviewer Tugas Belajar/ Degree by research,2,2,2,,Utama/Madya/Muda,
PS,ps48,Tim Reviewer,Menjadi reviewer proposal Riset di eksternal BRIN,2,2,,,Utama/Madya,
PS,ps49,Tim Reviewer,Menjadi reviewer proposal Riset di internal BRIN,1,1,,,Utama/Madya,
PS,ps50,Tim Reviewer,Sebagai Ketua Tim Reviewer hasil Riset,25,20,,,Utama/Madya,
PS,ps51,Tim Reviewer,Sebagai Anggota Tim Reviewer hasil Riset,20,15,10,10,Utama/Madya/Muda/Pertama,
PS,ps52,Kelompok Riset/ Program,"Sebagai Ketua Kelompok Riset/Program (Ketua Kelompok Riset, Koordinator Program, Chief Engineer, Manager Program, Group Leader )",15,15,15,15,Utama/Madya/Muda/Pertama,
PS,ps53,Kelompok Riset/ Program,Sebagai gugus pembantu Kelompok Riset/Program (Wakil Kelompok Riset atau Sekretaris Kelompok Riset),7.5,7.5,7.5,7.5,Utama/Madya/Muda/Pertama,
PS,ps54,Pengelola Fasilitas Riset dan Inovasi/ Laborato rium,Sebagai koordinator pengelola fasilitas riset dan inovasi/laboratorium,10,10,10,10,Utama/Madya/Muda/Pertama,
PS,ps55,Pengelola Fasilitas Riset dan Inovasi/ Laborato rium,Sebagai pelaksana pengelola fasilitas riset dan inovasi/laboratorium,5,5,5,5,Utama/Madya/Muda/Pertama,
PS,ps56,Keanggota pada Organisasi Ilmiah,Menjadi pengurus organisasi ilmiah,3,3,3,3,Utama/Madya/Muda/Pertama,
PS,ps57,Keanggota pada Organisasi Ilmiah,Menjadi anggota organisasi ilmiah,1,1,1,1,Utama/Madya/Muda/Pertama,
PS,ps58,Prioritas Nasional,Dokumen Riset Kompleksitas Sangat Tinggi,40,40,40,40,Utama/Madya/Muda/Pertama,
PS,ps59,Prioritas Nasional,Dokumen Riset Kompleksitas Tinggi,20,20,20,20,Utama/Madya/Muda/Pertama,
PS,ps60,Prioritas Nasional,Dokumen Riset Kompleksitas Sedang,15,15,15,15,Utama/Madya/Muda/Pertama,
PS,ps61,Prioritas Nasional,Dokumen Riset Kompleksitas Sederhana,10,10,10,10,Utama/Madya/Muda/Pertama,
OC,oc01,Lisensi,Transaksi lisensi berbasis Kekayaan Intelektual/varietas dengan mitra internasional,35,35,30,30,Utama/Madya/Muda/Pertama,
OC,oc02,Lisensi,Transaksi lisensi berbasis Kekayaan Intelektual /varietas dengan mitra nasional,30,30,25,25,Utama/Madya/Muda/Pertama,
OC,oc03,Pemanfaatan Varietas,"Pemanfaatan varietas tanaman, benih unggul tanaman hutan, rumpun atau galur hewan/ikan oleh industri termasuk Usaha Mikro Kecil Menengah (UMKM)",20,20,20,20,Utama/Madya/Muda/Pertama,
OC,oc04,Pemanfaatan Varietas,"Pemanfaatan varietas tanaman, benih unggul tanaman hutan, rumpun atau galur hewan/ikan oleh Pemerintah Daerah",15,15,15,15,Utama/Madya/Muda/Pertama,
OC,oc05,Pemanfaatan Purwarupa,Pemanfaatan purwarupa oleh industri,20,20,20,20,Utama/Madya/Muda/Pertama,
OC,oc06,Pemanfaatan Purwarupa,Pemanfaatan purwarupa oleh Kementerian/Lembaga,20,20,20,20,Utama/Madya/Muda/Pertama,
OC,oc07,Pemanfaatan Purwarupa,Pemanfaatan purwarupa oleh Pemerintah Daerah,15,15,15,15,Utama/Madya/Muda/Pertama,
OC,oc08,Pemanfaatan Purwarupa,Purwarupa yang dimanfaatkan oleh Perguruan Tinggi/Lembaga Riset Non- Pemerintah,10,10,10,10,Utama/Madya/Muda/Pertama,
OC,oc09,Pemanfaatan Purwarupa,Purwarupa yang dimanfaatkan oleh asosiasi/organisasi profesi,5,5,5,5,Utama/Madya/Muda/Pertama,
OC,oc10,Pemanfaatan Naskah Kebijakan,Naskah akademik Rancangan Undang-Undang yang dimanfaatkan,20,20,20,20,Utama/Madya/Muda/Pertama,
OC,oc11,Pemanfaatan Naskah Kebijakan,Naskah urgensi Rancangan Peraturan Pemerintah atau Rancangan Peraturan Presiden yang dimanfaatkan,15,15,15,15,Utama/Madya/Muda/Pertama,
OC,oc12,Pemanfaatan Naskah Kebijakan,Naskah urgensi rancangan peraturan menteri atau badan/lembaga yang dimanfaatkan,10,10,10,10,Utama/Madya/Muda/Pertama,
OC,oc13,Pemanfaatan Naskah Kebijakan,Naskah akademik Rancangan Peraturan Daerah yang dimanfaatkan,10,10,10,10,Utama/Madya/Muda/Pertama,
OC,oc14,Pemanfaatan Rekomendasi Kebijakan,Rekomendasi Kebijakan yang dimanfaatkan oleh Industri,20,20,20,20,Utama/Madya/Muda/Pertama,
OC,oc15,Pemanfaatan Rekomendasi Kebijakan,Rekomendasi Kebijakan yang dimanfaatkan oleh Kementerian/Lembaga,20,20,20,20,Utama/Madya/Muda/Pertama,
OC,oc16,Pemanfaatan Rekomendasi Kebijakan,Rekomendasi Kebijakan yang dimanfaatkan oleh Pemerintah Daerah,15,15,15,15,Utama/Madya/Muda/Pertama,
OC,oc17,Pemanfaatan Rekomendasi Kebijakan,Rekomendasi Kebijakan yang dimanfaatkan oleh unit kerja internal BRIN,5,5,5,5,Utama/Madya/Muda/Pertama,
OC,oc18,Pemanfaatan Teknologi/ Produk Riset,Teknologi/Produk Riset yang dimanfaatkan oleh industri,20,20,20,20,Utama/Madya/Muda/Pertama,
OC,oc19,Pemanfaatan Teknologi/ Produk Riset,Teknologi/Produk Riset yang dimanfaatkan oleh Kementerian/Lembaga,20,20,20,20,Utama/Madya/Muda/Pertama,
OC,oc20,Pemanfaatan Teknologi/ Produk Riset,Teknologi/Produk Riset yang dimanfaatkan oleh Pemerintah Daerah,15,15,15,15,Utama/Madya/Muda/Pertama,
OC,oc21,Teknologi/ Produk Riset,Teknologi/Produk Riset yang dimanfaatkan oleh Perguruan Tinggi,5,5,5,5,Utama/Madya/Muda/Pertama,
OC,oc22,Pemanfaatan Teknologi/ Produk Riset,Teknologi/Produk Riset yang dimanfaatkan oleh asosiasi/organisasi profesi,5,5,5,5,Utama/Madya/Muda/Pertama,
OC,oc23,Pemanfaatan Dokumen Standardi sasi,Laporan Analisis Keselamatan (LAK) Nuklir yang dimanfaatkan oleh Industri,20,20,20,20,Utama/Madya/Muda/Pertama,
OC,oc24,Pemanfaatan Dokumen Standardi sasi,Laporan Analisis Keselamatan (LAK) Nuklir yang dimanfaatkan oleh Kementerian/Lembaga,20,20,20,20,Utama/Madya/Muda/Pertama,
OC,oc25,Pemanfaatan Dokumen,Dokumen Modul pelatihan berbasis riset,5,5,5,5,Utama/Madya/Muda/Pertama,
OC,oc26,Pemanfaatan Audit Teknologi,Rekomendasi audit teknologi yang dimanfaatkan oleh industri,20,20,20,20,Utama/Madya/Muda/Pertama,
OC,oc27,Pemanfaatan Audit Teknologi,Rekomendasi audit teknologi yang dimanfaatkan oleh kementerian/lembaga,15,15,15,15,Utama/Madya/Muda/Pertama,
OC,oc28,Pemanfaatan Dataset,Dataset yang dimanfaatkan oleh industri,20,20,20,20,Utama/Madya/Muda/Pertama,
OC,oc29,Pemanfaatan Dataset,Dataset yang dimanfaatkan oleh Kementerian/Lembaga,15,15,15,15,Utama/Madya/Muda/Pertama,
OC,oc30,Pemanfaatan Dataset,Dataset yang dimanfaatkan oleh Pemerintah Daerah,10,10,10,10,Utama/Madya/Muda/Pertama,
OC,oc31,Pemanfaatan Dataset,Dataset yang dimanfaatkan oleh unit kerja internal BRIN/Perguruan tinggi,5,5,5,5,Utama/Madya/Muda/Pertama,
OC,oc32,Pemanfaatan Dataset,Dataset yang dimanfaatkan secara nasional dan global,5,5,5,5,Utama/Madya/Muda/Pertama,
OC,oc33,Pemanfaatan Publikasi,Pemanfaatan publikasi oleh periset lain dalam bentuk sitasi pada Scopus/WOS/SAGE,5,5,5,5,Utama/Madya/Muda/Pertama,
OC,oc34,Pemanfaatan Publikasi,Pemanfaatan publikasi oleh periset lain dalam bentuk sitasi selain Scopus/WOS,2.5,2.5,2.5,2.5,Utama/Madya/Muda/Pertama,
OC,oc35,Prioritas Nasional,Dokumen Riset Kompleksitas Sangat Tinggi,40,40,40,40,Utama/Madya/Muda/Pertama,
OC,oc36,Prioritas Nasional,Dokumen Riset Kompleksitas Tinggi,20,20,20,20,Utama/Madya/Muda/Pertama,
OC,oc37,Prioritas Nasional,Dokumen Riset Kompleksitas Sedang,15,15,15,15,Utama/Madya/Muda/Pertama,
OC,oc38,Prioritas Nasional,Dokumen Riset Kompleksitas Sederhana,10,10,10,10,Utama/Madya/Muda/Pertama,
OP,op01,Jurnal,Karya tulis ilmiah (KTI) yang dipublikasikan pada jurnal ilmiah global bereputasi tinggi,40,45,50,55,Utama/Madya/Muda/Pertama,
OP,op02,Jurnal,Karya tulis ilmiah (KTI) yang dipublikasikan pada jurnal ilmiah global bereputasi menengah,20,40,45,50,Utama/Madya/Muda/Pertama,
OP,op03,Jurnal,Karya tulis ilmiah (KTI) yang dipublikasikan pada Jurnal ilmiah global bereputasi,15,20,40,45,Utama/Madya/Muda/Pertama,
OP,op04,Jurnal,Karya tulis ilmiah (KTI) yang dipublikasikan pada Jurnal ilmiah global lainnya,10,15,20,40,Utama/Madya/Muda/Pertama,
OP,op05,Jurnal,Karya tulis ilmiah (KTI) yang dipublikasikan dalam Jurnal terakreditasi nasional SINTA 1,5,10,15,20,Utama/Madya/Muda/Pertama,
OP,op06,Jurnal,Karya tulis ilmiah (KTI) yang dipublikasikan dalam Jurnal terakreditasi nasional SINTA 2,3,5,10,15,Utama/Madya/Muda/Pertama,
OP,op07,Jurnal,Karya tulis ilmiah ( KTI) yang dipublikasikan dalam Jurnal terakreditasi nasional SINTA 3,2,3,5,10,Utama/Madya/Muda/Pertama,
OP,op08,Buku,Buku atau Bagian dari buku ilmiah yang diterbitkan oleh penerbit internasional bereputasi,40,45,50,55,Utama/Madya/Muda/Pertama,
OP,op09,Buku,Buku atau bagian dari buku ilmiah yang diterbitkan oleh penerbit internasional lainnya,25,45,50,55,Utama/Madya/Muda/Pertama,
OP,op10,Buku,Buku atau bagian dari buku ilmiah yang diterbitkan oleh penerbit ilmiah nasional terakreditasi,15,20,25,30,Utama/Madya/Muda/Pertama,
OP,op11,Buku,Buku atau bagian dari buku ilmiah yang diterbitkan oleh penerbit nasional,10,15,20,25,Utama/Madya/Muda/Pertama,
OP,op12,Buku,Buku atau bagian dari buku ilmiah yang diterbitkan oleh penerbit nasional lainnya,5,10,15,20,Utama/Madya/Muda/Pertama,
OP,op13,Prosiding,Karya tulis ilmiah (KTI) yang dipublikasikan dalam Prosiding Global Bereputasi,5,10,15,20,Utama/Madya/Muda/Pertama,
OP,op14,Prosiding,Karya tulis ilmiah (KTI) yang dipublikasikan dalam Prosiding Global,3,5,7,10,Utama/Madya/Muda/Pertama,
OP,op15,Prosiding,Karya tulis ilmiah (KTI) yang dipublikasikan dalam Prosiding Nasional,2,4,6,8,Utama/Madya/Muda/Pertama,
OP,op16,Buku,Draft Naskah Orasi Jumlah,2,,,,Utama,
OP,op17,Buku,Buku Ajar yang diterbitkan dalam media cetak atau elektronik,2,2,2,2,Utama/Madya/Muda/Pertama,
OP,op18,Artikel Ilmiah Artikel ilmiah,populer yang diterbitkan pada media massa terpercaya,1,1,1,1,Utama/Madya/Muda/Pertama,
OP,op19,Kekayaan Intelektual (KI),KI yang telah dikabulkan dalam bentuk paten internasional,40,45,50,55,Utama/Madya/Muda/Pertama,
OP,op20,Kekayaan Intelektual (KI),KI yang telah dikabulkan dalam bentuk paten nasional,35,40,45,50,Utama/Madya/Muda/Pertama,
OP,op21,Kekayaan Intelektual (KI),KI terdaftar dalam bentuk paten internasional,30,35,40,45,Utama/Madya/Muda/Pertama,
OP,op22,Kekayaan Intelektual (KI),KI terdaftar dalam bentuk paten nasional,25,30,35,40,Utama/Madya/Muda/Pertama,
OP,op23,Kekayaan Intelektual (KI),KI yang telah dikabulkan dalam bentuk paten sederhana,25,30,35,40,Utama/Madya/Muda/Pertama,
OP,op24,Kekayaan Intelektual (KI),KI dalam bentuk paten sederhana terdaftar,15,20,25,30,Utama/Madya/Muda/Pertama,
OP,op25,Kekayaan Intelektual (KI),"Hak cipta dalam bentuk perangkat lunak/algoritma, desain industri, dataset, desain, peta, model, aplikasi, tata letak sirkuit terpadu serta hak cipta lainya yang merupakan hasil kegiatan riset",10,15,20,25,Utama/Madya/Muda/Pertama,
OP,op26,Varietas,Pelepasan varietas tanaman nasional atau benih unggul tanaman hutan yang dikabulkan,40,45,50,55,Utama/Madya/Muda/Pertama,
OP,op27,Varietas,Perlindungan varietas tanaman nasional,35,40,45,50,Utama/Madya/Muda/Pertama,
OP,op28,Varietas,Varietas Tanaman Terdaftar Hasil Pemuliaan/Lokal,30,35,40,45,Utama/Madya/Muda/Pertama,
OP,op29,Rumpun atau Galur,Pelepasan rumpun atau galur hewan/ikan,40,45,50,55,Utama/Madya/Muda/Pertama,
OP,op30,Rumpun atau Galur,Penetapan rumpun atau galur hewan,35,40,45,50,Utama/Madya/Muda/Pertama,
OP,op31,Obat,Produk Vaksin/Obat yang telah diuji dan digunakan,40,45,50,55,Utama/Madya/Muda/Pertama,
OP,op32,Obat,Senyawa bahan alam/sintetis yang telah diuji dan digunakan,35,35,35,35,Utama/Madya/Muda/Pertama,
OP,op33,Naskah Kebijakan,Naskah Akademik yang telah disusun sesuai kebutuhan instansi terkait,5,10,15,25,Utama/Madya/Muda/Pertama,
OP,op34,Naskah Kebijakan,Naskah Urgensi yang telah disusun sesuai kebutuhan instansi terkait,3,5,7,10,Utama/Madya/Muda/Pertama,
OP,op35,Naskah Kebijakan,Policy Brief yang telah disusun sesuai kebutuhan instansi terkait,2,5,7,10,Utama/Madya/Muda/Pertama,
OP,op36,Naskah Kebijakan,Policy Paper yang telah disusun sesuai kebutuhan instansi terkait,2,5,7,10,Utama/Madya/Muda/Pertama,
OP,op37,Dokumen hasil Riset Contoh: Program dokumen DED ( Detail Engineering Design ) FEED ( Front End Engineering Design ) Laporan Analisis Keselamatan (LAK) Rancang bangun Uji kinerja Dokumen prosedu Standardi sasi Model Purwarupa Dataset Dokumen lainnya berdasarkan telaah Kepala Pusat/Organi sasi riset Library,Dokumen Riset Kompleksitas Sangat Tinggi,40,40,40,40,Utama/Madya/Muda/Pertama,
OP,op38,Dokumen hasil Riset Contoh: Program dokumen DED ( Detail Engineering Design ) FEED ( Front End Engineering Design ) Laporan Analisis Keselamatan (LAK) Rancang bangun Uji kinerja Dokumen prosedu Standardi sasi Model Purwarupa Dataset Dokumen lainnya berdasarkan telaah Kepala Pusat/Organi sasi riset Library,Dokumen Riset Kompleksitas Tinggi,20,20,20,20,Utama/Madya/Muda/Pertama,
OP,op39,Dokumen hasil Riset Contoh: Program dokumen DED ( Detail Engineering Design ) FEED ( Front End Engineering Design ) Laporan Analisis Keselamatan (LAK) Rancang bangun Uji kinerja Dokumen prosedu Standardi sasi Model Purwarupa Dataset Dokumen lainnya berdasarkan telaah Kepala Pusat/Organi sasi riset Library,Dokumen Riset Kompleksitas Sedang,15,15,15,15,Utama/Madya/Muda/Pertama,
OP,op40,Dokumen hasil Riset Contoh: Program dokumen DED ( Detail Engineering Design ) FEED ( Front End Engineering Design ) Laporan Analisis Keselamatan (LAK) Rancang bangun Uji kinerja Dokumen prosedu Standardi sasi Model Purwarupa Dataset Dokumen lainnya berdasarkan telaah Kepala Pusat/Organi sasi riset Library,Dokumen Riset Kompleksitas Sederhana,10,10,10,10,Utama/Madya/Muda/Pertama,
OP,op41,Produk Riset Lainnya,Peta yang dihasilkan dari pengolahan data penginderaan jauh dan/atau analisis geospasial,2.5,5,7,10,Utama/Madya/Muda/Pertama,
OP,op42,Produk Riset Lainnya,Galur tanaman atau galur ternak yang terseleksi,10,15,20,25,Utama/Madya/Muda/Pertama,
OP,op43,Produk Riset Lainnya,Temuan Spesies baru,2.5,5,7,10,Utama/Madya/Muda/Pertama,
OP,op44,Produk Riset Lainnya,Isolat mikroba/organisme terkarakterisasi/seed vaksin yang dihasilkan,20,20,20,20,Utama/Madya/Muda/Pertama,
OP,op45,Produk Riset Lainnya,Dataset sequence DNA/RNA/ Protein dan dataset human genome serta biomarker,10,10,10,10,Utama/Madya/Muda/Pertama,
OP,op46,Produk Riset Lainnya,Dataset biomarker kesehatan,10,10,10,10,Utama/Madya/Muda/Pertama,
OP,op47,Produk Riset Lainnya,Metode/perangkat deteksi penyakit dan alat kesehatan,20,20,20,20,Utama/Madya/Muda/Pertama,
OP,op48,Produk Riset Lainnya,Antigen/Antibodi/Produk Inovasi diagnostik,20,20,20,20,Utama/Madya/Muda/Pertama,
OP,op49,Proposal,Proposal Riset,2.5,2.5,2.5,2.5,Utama/Madya/Muda/Pertama,
OP,op50,Legal Opinion,Dokumen Analisis Pendapat Hukum,2,3,4,5,Utama/Madya/Muda/Pertama,
OP,op51,Keantarik saan,Filling Spektrum Frekuensi operasi satelit,5,10,15,15,Utama/Madya/Muda/Pertama,
OP,op52,Keantarik saan,Operasi In-Orbit Test fase Launch and Early Orbit Phase (LEOP),5,10,15,15,Utama/Madya/Muda/Pertama,
OP,op53,Keantarik saan,Operasi misi satelit Jumlah,5,10,15,15,Utama/Madya/Muda/Pertama,
OP,op54,Keantarik saan,Operasi misi peluncuran roket dan pemanduan satelit menuju orbit,5,10,15,15,Utama/Madya/Muda/Pertama,
OP,op55,Keantarik saan,Analisis data kesehatan satelit dan misi operasi ( Mission Operation and Healt Analysis ),40,40,40,40,Utama/Madya/Muda/Pertama,
OP,op56,Keantarik saan,"Dokumen hasil desain, pengujian, observasi, dan pengukuran parameter subsistem atau sistem satelit",40,40,40,40,Utama/Madya/Muda/Pertama,
OP,op57,Keantarik saan,"Dokumen hasil pengujian, observasi, dan pengukuran parameter subsistem atau sistem satelit sebelum dan sesudah pengiraman satelit ke lokasi peluncuran",5,10,15,15,Utama/Madya/Muda/Pertama,
OP,op58,Prioritas Nasional,Dokumen Riset Kompleksitas Sangat Tinggi,40,40,40,40,Utama/Madya/Muda/Pertama,
OP,op59,Prioritas Nasional,Dokumen Riset Kompleksitas Tinggi,20,20,20,20,Utama/Madya/Muda/Pertama,
OP,op60,Prioritas Nasional,Dokumen Riset Kompleksitas Sedang,15,15,15,15,Utama/Madya/Muda/Pertama,
OP,op61,Prioritas Nasional,Dokumen Riset Kompleksitas Sederhana,10,10,10,10,Utama/Madya/Muda/Pertama,
PK,pk01,Penghargaan sebagai Periset Unggul,Penghargaan yang diberikan di bidang dan Teknologi oleh Lembaga Internasional,25,30,35,40,Utama/Madya/Muda/Pertama,
PK,pk02,Penghargaan sebagai Periset Unggul,Penghargaan yang diberikan di bidang dan Teknologi oleh Lembaga Nasional,12.5,15,17.5,20,Utama/Madya/Muda/Pertama,
PK,pk03,Diseminasi,"Menjadi keynote speaker dalam seminar ilmiah, forum kebijakan, workshop, advokasi pemanfaatan pada tingkat internasional",7.5,10,12.5,15,Utama/Madya/Muda/Pertama,
PK,pk04,Diseminasi,"Menjadi keynote/invited speaker dalam seminar ilmiah, forum kebijakan, workshop , advokasi pemanfaatan pada tingkat nasional",5,7.5,10,12.5,Utama/Madya/Muda/Pertama,
PK,pk05,Diseminasi,Menjadi pemakalah oral pada pertemuan ilmiah tingkat internasional,5,7.5,10,12.5,Utama/Madya/Muda/Pertama,
PK,pk06,Diseminasi,Menjadi pemakalah oral pada pertemuan ilmiah tingkat nasional,2.5,5,7.5,10,Utama/Madya/Muda/Pertama,
PK,pk07,Diseminasi,Menjadi pemakalah poster pada pertemuan ilmiah tingkat internasional,2.5,5,7.5,10,Utama/Madya/Muda/Pertama,
PK,pk08,Diseminasi,Menjadi pemakalah poster pada pertemuan ilmiah tingkat nasional,,2.5,5,7.5,Madya/Muda/Pertama,
PK,pk09,Diseminasi,Menjadi pemateri/narasumber pada seminar/webinar ilmiah/ sharing session /FGD/kuliah tamu dan kegiatan sejenis di eksternal BRIN atau media radio/televisi,2,2,5,10,Utama/Madya/Muda/Pertama,
PK,pk10,Diseminasi,Menjadi pemateri pada seminar/webinar ilmiah/ sharing session /FGD dan kegiatan sejenis di internal BRIN atau BRIN TV,1,1,2.5,5,Utama/Madya/Muda/Pertama,
PK,pk11,Pembimbi ngan Sumber Daya Manusia,Menjadi pembimbing/ host peserta pasca doktoral,10,12.5,15,,Utama/Madya/Muda,
PK,pk12,Pembimbi ngan Sumber Daya Manusia,Mendatangkan nobel laureate atau setara,15,15,15,15,Utama/Madya/Muda/Pertama,
PK,pk13,Pembimbi ngan Sumber Daya Manusia,Menjadi host visiting researcher yang diselenggarakan oleh Deputi Bidang Sumber Daya Manusia Ilmu Pengetahuan dan Teknologi,7.5,10,12.5,15,Utama/Madya/Muda/Pertama,
PK,pk14,Pembimbi ngan Sumber Daya Manusia,Menjadi host visiting researcher yang diselenggarakan oleh unit kerja,2.5,2.5,2.5,2.5,Utama/Madya/Muda/Pertama,
PK,pk15,Pembimbi ngan Sumber Daya Manusia,Menjadi pembimbing peserta magang,2.5,5,7.5,10,Utama/Madya/Muda/Pertama,
PK,pk16,Pembimbi ngan Sumber Daya Manusia,Menjadi pembimbing dalam kegiatan coaching atau mentoring,2.5,2.5,5,5,Utama/Madya/Muda/Pertama,
PK,pk17,Pembimbi ngan Sumber Daya Manusia,Membimbing tugas akhir mahasiswa tingkat doktoral (S3),5,7.5,10,,Utama/Madya/Muda,
PK,pk18,Pembimbi ngan Sumber Daya Manusia,Membimbing tugas akhir mahasiswa tingkat magister (S2),2.5,5,7.5,10,Utama/Madya/Muda/Pertama,
PK,pk19,Pembimbi ngan Sumber Daya Manusia,Membimbing tugas akhir mahasiswa tingkat sarjana (S1),2.5,5,7.5,10,Utama/Madya/Muda/Pertama,
PK,pk20,Pembimbi ngan Sumber Daya Manusia,Menguji sidang Mahasiswa S1/S2/S3,2.5,2.5,2.5,2.5,Utama/Madya/Muda/Pertama,
PK,pk21,Pembimbi ngan Sumber Daya Manusia,Membimbing mahasiswa merdeka belajar kampus merdeka (MBKM),2,3,5,7,Utama/Madya/Muda/Pertama,
PK,pk22,Pembim bingan Sumber Daya Manusia,"Membimbing sumber daya manusia lain dengan hasil jurnal global bereputasi tinggi, buku ilmiah yang diterbitkan oleh penerbit internasional bereputasi, transaksi lisensi",2.5,5,7.5,,Utama/Madya/Muda,
PK,pk23,Pembim bingan Sumber Daya Manusia,"Membimbing sumber daya manusia lain dengan hasil jurnal global bereputasi menengah buku ilmiah yang diterbitkan oleh penerbit internasional lainnya, kekayaan intelektual bersertifikat telah dikabulkan (selain paten sederhana)",1,3,5,,Utama/Madya/Muda,
PK,pk24,Pembimbi ngan Sumber Daya Manusia,"Menjadi instruktur, fasilitator, atau narasumber dalam pelatihan internasional",5,7.5,10,12.5,Utama/Madya/Muda/Pertama,
PK,pk25,Pembimbi ngan Sumber Daya Manusia,"Menjadi instruktur, fasilitator, atau narasumber dalam pelatihan teknis nasional",2.5,5,7.5,10,Utama/Madya/Muda/Pertama,
PK,pk26,Pembimbi ngan Sumber Daya Manusia,Menjadi pengajar dalam pelatihan kepemimpinan/manajerial,5,5,7.5,7.5,Utama/Madya/Muda/Pertama,
PK,pk27,Pendidikan,Melanjutkan pendidikan jenjang S3,15,20,35,40,Utama/Madya/Muda/Pertama,Yes
PK,pk28,Pendidikan,Melanjutkan pendidikan jenjang S2,15,20,35,40,Utama/Madya/Muda/Pertama,Yes
PK,pk29,Pendidikan,Mendapatkan LOA/Beasiswa melanjutkan pendidikan jenjang S2/S3,7.5,10,17.5,20,Utama/Madya/Muda/Pertama,Yes
PK,pk30,Pendidikan,Melanjutkan pendidikan profesi,10,10,20,20,Utama/Madya/Muda/Pertama,Yes
PK,pk31,Pelatihan,Menjadi peserta pascadoktoral di luar negeri,10,10,20,20,Utama/Madya/Muda/Pertama,
PK,pk32,Pelatihan,Menjadi visiting reasearcher,5,5,10,10,Utama/Madya/Muda/Pertama,
PK,pk33,Pelatihan,Menjadi peserta magang,,5,10,15,Madya/Muda/Pertama,
PK,pk34,Pelatihan,Menjadi peserta dalam kegiatan pelatihan internasional,2.5,5,7.5,10,Utama/Madya/Muda/Pertama,
PK,pk35,Pelatihan,Menjadi peserta dalam kegiatan coaching atau mentoring,,2.5,5,7.5,Madya/Muda/Pertama,
PK,pk36,Pelatihan,Menjadi peserta dalam pelatihan teknis nasional,,2.5,5,7.5,Madya/Muda/Pertama,
PK,pk37,Pelatihan,Menjadi peserta dalam Pelatihan Kepemimpinan/Manajerial,5,5,5,5,Utama/Madya/Muda/Pertama,
PK,pk38,Pelatihan,Menjadi peserta dalam kegiatan seminar/webinar ilmiah/ sharing session/focus group discussion ( FGD) internasional,2,3,4,5,Utama/Madya/Muda/Pertama,
PK,pk39,Pelatihan,Menjadi peserta dalam kegiatan seminar/webinar ilmiah/ sharing session/ focus group discussion ( FGD) nasional,,2,3,4,Madya/Muda/Pertama,
PK,pk40,Pelatihan,Menjadi peserta dalam kegiatan seminar/webinar ilmiah/ sharing session / focus group discussion ( FGD) internal BRIN,,1,2,3,Madya/Muda/Pertama,
PK,pk41,Pembimbi ngan Sumber Daya Manusia,Dokumen Riset Kompleksitas Sangat Tinggi,40,40,40,40,Utama/Madya/Muda/Pertama,
PK,pk42,Pembimbi ngan Sumber Daya Manusia,Dokumen Riset Kompleksitas Tinggi,20,20,20,20,Utama/Madya/Muda/Pertama,
PK,pk43,Pembimbi ngan Sumber Daya Manusia,Dokumen Riset Kompleksitas Sedang,15,15,15,15,Utama/Madya/Muda/Pertama,
PK,pk44,Pembimbi ngan Sumber Daya Manusia,Dokumen Riset Kompleksitas Sederhana,10,10,10,10,Utama/Madya/Muda/Pertama,
PK,pk45,Prioritas Nasional,Dokumen Riset Kompleksitas Sangat Tinggi,40,40,40,40,Utama/Madya/Muda/Pertama,
PK,pk46,Prioritas Nasional,Dokumen Riset Kompleksitas Tinggi,20,20,20,20,Utama/Madya/Muda/Pertama,
PK,pk47,Prioritas Nasional,Dokumen Riset Kompleksitas Sedang,15,15,15,15,Utama/Madya/Muda/Pertama,
PK,pk48,Prioritas Nasional,Dokumen Riset Kompleksitas Sederhana,10,10,10,10,Utama/Madya/Muda/Pertama,
